[
  {
    "id": 1,
    "body": "massa non ante bibendum ullamcorper. Duis cursus, diam at pretium aliquet, metus urna convallis erat, eget tincidunt dui augue eu tellus. Phasellus elit pede, malesuada vel, venenatis vel, faucibus id, libero. Donec consectetuer mauris id sapien. Cras dolor dolor, tempus non, lacinia at, iaculis quis, pede. Praesent eu dui. Cum sociis natoque penatibus et magnis dis parturient montes, nascetur ridiculus mus. Aenean eget magna. Suspendisse tristique neque venenatis lacus. Etiam bibendum fermentum metus. Aenean sed",
    "title": "Donec luctus aliquet odio.",
    "postDate": "2020-02-25",
    "category": 3,
    "featureImage": "https://dummyimage.com/847x320/d9d9d9/545454.jpg",
    "published": true
  },
  {
    "id": 2,
    "body": "Curabitur sed tortor. Integer aliquam adipiscing lacus. Ut nec urna et arcu imperdiet ullamcorper. Duis at lacus. Quisque purus sapien, gravida non, sollicitudin a, malesuada id, erat. Etiam vestibulum massa rutrum magna. Cras convallis convallis dolor. Quisque tincidunt pede ac urna. Ut tincidunt vehicula risus. Nulla eget metus eu erat semper rutrum. Fusce dolor quam, elementum at, egestas a, scelerisque sed, sapien. Nunc pulvinar arcu",
    "title": "Lorem ipsum dolor sit",
    "postDate": "2020-10-06",
    "category": 1,
    "featureImage": "https://dummyimage.com/847x320/d9d9d9/545454.jpg",
    "published": false
  },
  {
    "id": 3,
    "body": "quis arcu vel quam dignissim pharetra. Nam ac nulla. In tincidunt congue turpis. In condimentum. Donec at arcu. Vestibulum ante ipsum primis in faucibus orci luctus et ultrices posuere cubilia Curae Donec tincidunt. Donec vitae erat vel pede blandit congue. In scelerisque scelerisque dui. Suspendisse ac metus vitae velit egestas lacinia. Sed congue, elit sed consequat auctor, nunc nulla vulputate dui, nec",
    "title": "felis ullamcorper",
    "postDate": "2020-02-06",
    "category": 1,
    "featureImage": "https://dummyimage.com/847x320/d9d9d9/545454.jpg",
    "published": true
  },
  {
    "id": 4,
    "body": "id, ante. Nunc mauris sapien, cursus in, hendrerit consectetuer, cursus et, magna. Praesent interdum ligula eu enim. Etiam imperdiet dictum magna. Ut tincidunt orci quis lectus. Nullam suscipit, est ac facilisis facilisis, magna tellus faucibus leo, in lobortis tellus justo sit amet nulla. Donec non justo. Proin non massa non ante bibendum ullamcorper. Duis cursus, diam at pretium aliquet, metus urna convallis erat, eget tincidunt dui augue eu tellus. Phasellus elit pede, malesuada vel, venenatis vel, faucibus id, libero.",
    "title": "dictum magna.",
    "postDate": "2020-03-06",
    "category": 4,
    "featureImage": "https://dummyimage.com/847x320/d9d9d9/545454.jpg",
    "published": false
  },
  {
    "id": 5,
    "body": "interdum. Nunc sollicitudin commodo ipsum. Suspendisse non leo. Vivamus nibh dolor, nonummy ac, feugiat non, lobortis quis, pede. Suspendisse dui. Fusce diam nunc, ullamcorper eu, euismod ac, fermentum vel, mauris. Integer sem elit, pharetra ut, pharetra sed, hendrerit a, arcu. Sed et libero. Proin mi. Aliquam gravida mauris ut mi. Duis risus odio, auctor vitae, aliquet nec, imperdiet nec, leo. Morbi",
    "title": "purus, accumsan interdum libero",
    "postDate": "2020-06-13",
    "category": 2,
    "featureImage": "https://dummyimage.com/847x320/d9d9d9/545454.jpg",
    "published": true
  },
  {
    "id": 6,
    "body": "justo. Praesent luctus. Curabitur egestas nunc sed libero. Proin sed turpis nec mauris blandit mattis. Cras eget nisi dictum augue malesuada malesuada. Integer id magna et ipsum cursus vestibulum. Mauris magna. Duis dignissim tempor arcu. Vestibulum ut eros non enim commodo hendrerit. Donec porttitor tellus non magna. Nam ligula elit, pretium et, rutrum non, hendrerit id, ante. Nunc mauris sapien, cursus in, hendrerit consectetuer, cursus et, magna. Praesent interdum ligula eu enim.",
    "title": "nec tempus mauris erat",
    "postDate": "2020-05-29",
    "category": 5,
    "featureImage": "https://dummyimage.com/847x320/d9d9d9/545454.jpg",
    "published": false
  },
  {
    "id": 7,
    "body": "Sed id risus quis diam luctus lobortis. Class aptent taciti sociosqu ad litora torquent per conubia nostra, per inceptos hymenaeos. Mauris ut quam vel sapien imperdiet ornare. In faucibus. Morbi vehicula. Pellentesque tincidunt tempus risus. Donec egestas. Duis ac arcu. Nunc mauris. Morbi non sapien molestie orci tincidunt adipiscing. Mauris molestie pharetra nibh. Aliquam ornare, libero at auctor ullamcorper, nisl arcu iaculis enim, sit amet ornare lectus",
    "title": "nunc ac mattis",
    "postDate": "2020-08-15",
    "category": 3,
    "featureImage": "https://dummyimage.com/847x320/d9d9d9/545454.jpg",
    "published": true
  },
  {
    "id": 8,
    "body": "sagittis felis. Donec tempor, est ac mattis semper, dui lectus rutrum urna, nec luctus felis purus ac tellus. Suspendisse sed dolor. Fusce mi lorem, vehicula et, rutrum eu, ultrices sit amet, risus. Donec nibh enim, gravida sit amet, dapibus id, blandit at, nisi. Cum sociis natoque penatibus et magnis dis parturient montes, nascetur ridiculus mus. Proin vel nisl. Quisque fringilla euismod enim. Etiam gravida molestie arcu. Sed eu nibh",
    "title": "ac urna. Ut tincidunt",
    "postDate": "2020-12-01",
    "category": 1,
    "featureImage": "https://dummyimage.com/847x320/d9d9d9/545454.jpg",
    "published": true
  },
  {
    "id": 9,
    "body": "ipsum dolor sit amet, consectetuer adipiscing elit. Etiam laoreet, libero et tristique pellentesque, tellus sem mollis dui, in sodales elit erat vitae risus. Duis a mi fringilla mi lacinia mattis. Integer eu lacus. Quisque imperdiet, erat nonummy ultricies ornare, elit elit fermentum risus, at fringilla purus mauris a nunc. In at pede. Cras vulputate velit eu sem. Pellentesque ut ipsum ac mi eleifend egestas. Sed pharetra, felis eget",
    "title": "Nulla semper tellus id",
    "postDate": "2020-12-26",
    "category": 4,
    "featureImage": "https://dummyimage.com/847x320/d9d9d9/545454.jpg",
    "published": true
  },
  {
    "id": 10,
    "body": "ullamcorper viverra. Maecenas iaculis aliquet diam. Sed diam lorem, auctor quis, tristique ac, eleifend vitae, erat. Vivamus nisi. Mauris nulla. Integer urna. Vivamus molestie dapibus ligula. Aliquam erat volutpat. Nulla dignissim. Maecenas ornare egestas ligula. Nullam feugiat placerat velit. Quisque varius. Nam porttitor scelerisque neque. Nullam nisl. Maecenas malesuada fringilla est. Mauris eu turpis. Nulla aliquet. Proin velit. Sed malesuada augue ut lacus. Nulla tincidunt,",
    "title": "augue ut lacus.",
    "postDate": "2020-11-18",
    "category": 3,
    "featureImage": "https://dummyimage.com/847x320/d9d9d9/545454.jpg",
    "published": false
  },
  {
    "id": 11,
    "body": "quis arcu vel quam dignissim pharetra. Nam ac nulla. In tincidunt congue turpis. In condimentum. Donec at arcu. Vestibulum ante ipsum primis in faucibus orci luctus et ultrices posuere cubilia Curae Donec tincidunt. Donec vitae erat vel pede blandit congue. In scelerisque scelerisque dui. Suspendisse ac metus vitae velit egestas lacinia. Sed congue, elit sed consequat auctor, nunc nulla vulputate dui, nec tempus mauris erat eget ipsum. Suspendisse sagittis. Nullam vitae diam. Proin",
    "title": "in, cursus",
    "postDate": "2020-01-28",
    "category": 4,
    "featureImage": "https://dummyimage.com/847x320/d9d9d9/545454.jpg",
    "published": false
  },
  {
    "id": 12,
    "body": "Sed eu eros. Nam consequat dolor vitae dolor. Donec fringilla. Donec feugiat metus sit amet ante. Vivamus non lorem vitae odio sagittis semper. Nam tempor diam dictum sapien. Aenean massa. Integer vitae nibh. Donec est mauris, rhoncus id, mollis nec, cursus a, enim. Suspendisse aliquet, sem ut cursus luctus, ipsum leo elementum sem, vitae aliquam eros turpis non enim. Mauris quis turpis vitae purus gravida sagittis. Duis gravida. Praesent eu nulla at sem",
    "title": "Suspendisse aliquet, sem",
    "postDate": "2020-03-11",
    "category": 4,
    "featureImage": "https://dummyimage.com/847x320/d9d9d9/545454.jpg",
    "published": false
  },
  {
    "id": 13,
    "body": "netus et malesuada fames ac turpis egestas. Fusce aliquet magna a neque. Nullam ut nisi a odio semper cursus. Integer mollis. Integer tincidunt aliquam arcu. Aliquam ultrices iaculis odio. Nam interdum enim non nisi. Aenean eget metus. In nec orci. Donec nibh. Quisque nonummy ipsum non arcu. Vivamus sit amet risus. Donec egestas. Aliquam nec enim. Nunc ut erat. Sed nunc est, mollis non, cursus non, egestas a, dui. Cras pellentesque. Sed dictum.",
    "title": "metus. In lorem. Donec",
    "postDate": "2020-04-16",
    "category": 5,
    "featureImage": "https://dummyimage.com/847x320/d9d9d9/545454.jpg",
    "published": true
  },
  {
    "id": 14,
    "body": "Morbi vehicula. Pellentesque tincidunt tempus risus. Donec egestas. Duis ac arcu. Nunc mauris. Morbi non sapien molestie orci tincidunt adipiscing. Mauris molestie pharetra nibh. Aliquam ornare, libero at auctor ullamcorper, nisl arcu iaculis enim, sit amet ornare lectus justo eu arcu. Morbi sit amet massa. Quisque porttitor eros nec tellus. Nunc lectus pede, ultrices a, auctor non, feugiat nec, diam. Duis mi enim, condimentum eget, volutpat ornare, facilisis eget, ipsum. Donec sollicitudin adipiscing ligula. Aenean gravida nunc sed pede. Cum",
    "title": "nunc id enim.",
    "postDate": "2020-04-09",
    "category": 1,
    "featureImage": "https://dummyimage.com/847x320/d9d9d9/545454.jpg",
    "published": false
  },
  {
    "id": 15,
    "body": "nec quam. Curabitur vel lectus. Cum sociis natoque penatibus et magnis dis parturient montes, nascetur ridiculus mus. Donec dignissim magna a tortor. Nunc commodo auctor velit. Aliquam nisl. Nulla eu neque pellentesque massa lobortis ultrices. Vivamus rhoncus. Donec est. Nunc ullamcorper, velit in aliquet lobortis, nisi nibh lacinia orci, consectetuer euismod est arcu ac orci. Ut semper pretium neque. Morbi quis urna. Nunc quis arcu vel quam dignissim pharetra. Nam ac nulla. In tincidunt congue turpis. In condimentum.",
    "title": "iaculis aliquet",
    "postDate": "2020-07-12",
    "category": 2,
    "featureImage": "https://dummyimage.com/847x320/d9d9d9/545454.jpg",
    "published": true
  },
  {
    "id": 16,
    "body": "vestibulum. Mauris magna. Duis dignissim tempor arcu. Vestibulum ut eros non enim commodo hendrerit. Donec porttitor tellus non magna. Nam ligula elit, pretium et, rutrum non, hendrerit id, ante. Nunc mauris sapien, cursus in, hendrerit consectetuer, cursus et, magna. Praesent interdum ligula eu enim. Etiam imperdiet dictum magna. Ut tincidunt orci quis lectus. Nullam suscipit, est ac facilisis facilisis, magna tellus faucibus leo, in lobortis tellus justo sit amet nulla. Donec non justo. Proin non massa non",
    "title": "orci. Donec",
    "postDate": "2020-07-13",
    "category": 5,
    "featureImage": "https://dummyimage.com/847x320/d9d9d9/545454.jpg",
    "published": false
  },
  {
    "id": 17,
    "body": "urna. Ut tincidunt vehicula risus. Nulla eget metus eu erat semper rutrum. Fusce dolor quam, elementum at, egestas a, scelerisque sed, sapien. Nunc pulvinar arcu et pede. Nunc sed orci lobortis augue scelerisque mollis. Phasellus libero mauris, aliquam eu, accumsan sed, facilisis vitae, orci. Phasellus dapibus quam quis diam. Pellentesque habitant morbi tristique senectus et netus et malesuada fames ac turpis egestas. Fusce aliquet magna a neque. Nullam ut",
    "title": "in, cursus et, eros.",
    "postDate": "2020-11-23",
    "category": 3,
    "featureImage": "https://dummyimage.com/847x320/d9d9d9/545454.jpg",
    "published": false
  },
  {
    "id": 18,
    "body": "urna justo faucibus lectus, a sollicitudin orci sem eget massa. Suspendisse eleifend. Cras sed leo. Cras vehicula aliquet libero. Integer in magna. Phasellus dolor elit, pellentesque a, facilisis non, bibendum sed, est. Nunc laoreet lectus quis massa. Mauris vestibulum, neque sed dictum eleifend, nunc risus varius orci, in consequat enim diam vel arcu. Curabitur ut odio vel est tempor bibendum. Donec felis orci, adipiscing non, luctus sit amet, faucibus ut, nulla. Cras eu tellus",
    "title": "Curabitur massa. Vestibulum",
    "postDate": "2020-01-29",
    "category": 5,
    "featureImage": "https://dummyimage.com/847x320/d9d9d9/545454.jpg",
    "published": false
  },
  {
    "id": 19,
    "body": "velit. Quisque varius. Nam porttitor scelerisque neque. Nullam nisl. Maecenas malesuada fringilla est. Mauris eu turpis. Nulla aliquet. Proin velit. Sed malesuada augue ut lacus. Nulla tincidunt, neque vitae semper egestas, urna justo faucibus lectus, a sollicitudin orci sem eget massa. Suspendisse eleifend. Cras sed leo. Cras vehicula aliquet libero. Integer in magna. Phasellus dolor elit, pellentesque a, facilisis non, bibendum sed, est. Nunc laoreet lectus quis massa. Mauris vestibulum, neque sed",
    "title": "scelerisque mollis. Phasellus libero",
    "postDate": "2020-08-08",
    "category": 3,
    "featureImage": "https://dummyimage.com/847x320/d9d9d9/545454.jpg",
    "published": true
  },
  {
    "id": 20,
    "body": "felis. Donec tempor, est ac mattis semper, dui lectus rutrum urna, nec luctus felis purus ac tellus. Suspendisse sed dolor. Fusce mi lorem, vehicula et, rutrum eu, ultrices sit amet, risus. Donec nibh enim, gravida sit amet, dapibus id, blandit at, nisi. Cum sociis natoque penatibus et magnis dis parturient montes, nascetur ridiculus mus. Proin vel nisl. Quisque fringilla euismod enim. Etiam gravida molestie arcu. Sed eu nibh vulputate mauris sagittis placerat.",
    "title": "facilisis, magna tellus faucibus",
    "postDate": "2020-05-29",
    "category": 1,
    "featureImage": "https://dummyimage.com/847x320/d9d9d9/545454.jpg",
    "published": true
  },
  {
    "id": 21,
    "body": "turpis. Nulla aliquet. Proin velit. Sed malesuada augue ut lacus. Nulla tincidunt, neque vitae semper egestas, urna justo faucibus lectus, a sollicitudin orci sem eget massa. Suspendisse eleifend. Cras sed leo. Cras vehicula aliquet libero. Integer in magna. Phasellus dolor elit, pellentesque a, facilisis non, bibendum sed, est. Nunc laoreet lectus quis massa. Mauris vestibulum, neque sed dictum eleifend, nunc risus varius orci, in consequat enim diam vel arcu.",
    "title": "ultrices posuere cubilia Curae",
    "postDate": "2020-03-21",
    "category": 1,
    "featureImage": "https://dummyimage.com/847x320/d9d9d9/545454.jpg",
    "published": false
  },
  {
    "id": 22,
    "body": "varius ultrices, mauris ipsum porta elit, a feugiat tellus lorem eu metus. In lorem. Donec elementum, lorem ut aliquam iaculis, lacus pede sagittis augue, eu tempor erat neque non quam. Pellentesque habitant morbi tristique senectus et netus et malesuada fames ac turpis egestas. Aliquam fringilla cursus purus. Nullam scelerisque neque sed sem egestas blandit. Nam nulla magna, malesuada vel, convallis in, cursus et, eros. Proin ultrices. Duis volutpat nunc sit amet metus. Aliquam erat volutpat. Nulla facilisis. Suspendisse commodo",
    "title": "augue malesuada",
    "postDate": "2020-06-21",
    "category": 1,
    "featureImage": "https://dummyimage.com/847x320/d9d9d9/545454.jpg",
    "published": true
  },
  {
    "id": 23,
    "body": "pede. Cum sociis natoque penatibus et magnis dis parturient montes, nascetur ridiculus mus. Proin vel arcu eu odio tristique pharetra. Quisque ac libero nec ligula consectetuer rhoncus. Nullam velit dui, semper et, lacinia vitae, sodales at, velit. Pellentesque ultricies dignissim lacus. Aliquam rutrum lorem ac risus. Morbi metus. Vivamus euismod urna. Nullam lobortis quam a felis ullamcorper viverra. Maecenas iaculis aliquet diam. Sed diam lorem, auctor quis,",
    "title": "Aenean gravida nunc",
    "postDate": "2020-03-27",
    "category": 1,
    "featureImage": "https://dummyimage.com/847x320/d9d9d9/545454.jpg",
    "published": true
  },
  {
    "id": 24,
    "body": "justo sit amet nulla. Donec non justo. Proin non massa non ante bibendum ullamcorper. Duis cursus, diam at pretium aliquet, metus urna convallis erat, eget tincidunt dui augue eu tellus. Phasellus elit pede, malesuada vel, venenatis vel, faucibus id, libero. Donec consectetuer mauris id sapien. Cras dolor dolor, tempus non, lacinia at, iaculis quis, pede. Praesent eu dui. Cum sociis natoque penatibus et magnis dis parturient montes, nascetur ridiculus mus. Aenean eget magna. Suspendisse tristique",
    "title": "dui. Cum sociis natoque",
    "postDate": "2020-11-15",
    "category": 4,
    "featureImage": "https://dummyimage.com/847x320/d9d9d9/545454.jpg",
    "published": false
  },
  {
    "id": 25,
    "body": "ligula elit, pretium et, rutrum non, hendrerit id, ante. Nunc mauris sapien, cursus in, hendrerit consectetuer, cursus et, magna. Praesent interdum ligula eu enim. Etiam imperdiet dictum magna. Ut tincidunt orci quis lectus. Nullam suscipit, est ac facilisis facilisis, magna tellus faucibus leo, in lobortis tellus justo sit amet nulla. Donec non justo. Proin non massa non ante bibendum ullamcorper. Duis cursus, diam",
    "title": "ligula consectetuer rhoncus.",
    "postDate": "2020-07-18",
    "category": 4,
    "featureImage": "https://dummyimage.com/847x320/d9d9d9/545454.jpg",
    "published": false
  },
  {
    "id": 26,
    "body": "amet, consectetuer adipiscing elit. Curabitur sed tortor. Integer aliquam adipiscing lacus. Ut nec urna et arcu imperdiet ullamcorper. Duis at lacus. Quisque purus sapien, gravida non, sollicitudin a, malesuada id, erat. Etiam vestibulum massa rutrum magna. Cras convallis convallis dolor. Quisque tincidunt pede ac urna. Ut tincidunt vehicula risus. Nulla eget metus eu erat semper rutrum. Fusce dolor quam, elementum at, egestas a, scelerisque sed, sapien. Nunc pulvinar arcu et pede. Nunc sed",
    "title": "pede. Cum sociis",
    "postDate": "2020-10-03",
    "category": 1,
    "featureImage": "https://dummyimage.com/847x320/d9d9d9/545454.jpg",
    "published": true
  },
  {
    "id": 27,
    "body": "eu erat semper rutrum. Fusce dolor quam, elementum at, egestas a, scelerisque sed, sapien. Nunc pulvinar arcu et pede. Nunc sed orci lobortis augue scelerisque mollis. Phasellus libero mauris, aliquam eu, accumsan sed, facilisis vitae, orci. Phasellus dapibus quam quis diam. Pellentesque habitant morbi tristique senectus et netus et malesuada fames ac turpis egestas. Fusce aliquet magna a neque. Nullam ut nisi a odio semper cursus. Integer mollis. Integer tincidunt aliquam arcu. Aliquam ultrices iaculis odio. Nam interdum enim",
    "title": "orci sem eget",
    "postDate": "2020-06-06",
    "category": 1,
    "featureImage": "https://dummyimage.com/847x320/d9d9d9/545454.jpg",
    "published": true
  },
  {
    "id": 28,
    "body": "rutrum urna, nec luctus felis purus ac tellus. Suspendisse sed dolor. Fusce mi lorem, vehicula et, rutrum eu, ultrices sit amet, risus. Donec nibh enim, gravida sit amet, dapibus id, blandit at, nisi. Cum sociis natoque penatibus et magnis dis parturient montes, nascetur ridiculus mus. Proin vel nisl. Quisque fringilla euismod enim. Etiam gravida molestie arcu. Sed eu nibh vulputate mauris sagittis placerat. Cras dictum ultricies ligula. Nullam enim.",
    "title": "dictum mi, ac mattis",
    "postDate": "2020-06-30",
    "category": 4,
    "featureImage": "https://dummyimage.com/847x320/d9d9d9/545454.jpg",
    "published": false
  },
  {
    "id": 29,
    "body": "sit amet ultricies sem magna nec quam. Curabitur vel lectus. Cum sociis natoque penatibus et magnis dis parturient montes, nascetur ridiculus mus. Donec dignissim magna a tortor. Nunc commodo auctor velit. Aliquam nisl. Nulla eu neque pellentesque massa lobortis ultrices. Vivamus rhoncus. Donec est. Nunc ullamcorper, velit in aliquet lobortis, nisi nibh lacinia orci, consectetuer euismod est arcu ac orci. Ut semper pretium neque. Morbi quis urna. Nunc quis arcu vel quam",
    "title": "eu neque pellentesque",
    "postDate": "2020-05-08",
    "category": 4,
    "featureImage": "https://dummyimage.com/847x320/d9d9d9/545454.jpg",
    "published": false
  },
  {
    "id": 30,
    "body": "odio. Aliquam vulputate ullamcorper magna. Sed eu eros. Nam consequat dolor vitae dolor. Donec fringilla. Donec feugiat metus sit amet ante. Vivamus non lorem vitae odio sagittis semper. Nam tempor diam dictum sapien. Aenean massa. Integer vitae nibh. Donec est mauris, rhoncus id, mollis nec, cursus a, enim. Suspendisse aliquet, sem ut cursus luctus, ipsum leo elementum sem, vitae aliquam eros turpis",
    "title": "Suspendisse tristique neque venenatis",
    "postDate": "2020-11-26",
    "category": 1,
    "featureImage": "https://dummyimage.com/847x320/d9d9d9/545454.jpg",
    "published": false
  }
]
